name,phone,tckimlik,email
Robert Logan,+90 447 212 76 493,19756324636,et.netus@hotmail.net
Savannah Everett,+90 355 777 42 857,13596149287,purus.mauris.a@outlook.couk
Reuben Ford,+90 126 272 25 274,68632849376,proin.ultrices@aol.edu
Joelle Miranda,+90 997 648 55 473,84114824874,rutrum.lorem@protonmail.edu
John Kim,+90 133 382 13 955,75293854415,pellentesque.tincidunt@hotmail.org
Mufutau Carver,+90 531 151 32 555,38375364575,pellentesque.massa@icloud.ca
Logan Keller,+90 753 725 32 215,28237537858,semper@yahoo.couk
Oren Velez,+90 458 887 82 737,67347848642,vestibulum.lorem.sit@aol.couk
Breanna Albert,+90 718 273 44 767,35782835352,vitae.sodales.nisi@icloud.org
Yael Schroeder,+90 949 753 47 374,43344461624,vitae.erat@aol.edu
Lael Cooke,+90 792 744 55 558,64425831165,nisi@aol.ca
Jamal Blake,+90 226 883 32 436,13624429328,pede.ac.urna@icloud.couk
Deborah Maxwell,+90 263 227 77 914,47877849687,ridiculus.mus.proin@icloud.net
Omar Clay,+90 634 843 37 875,76735666643,fringilla.donec@yahoo.com
Bernard Hickman,+90 679 928 91 182,54425617329,risus.duis@google.couk
Fulton Battle,+90 232 486 62 642,75875484217,nec.urna@aol.org
Axel Holcomb,+90 926 777 42 723,97867264288,adipiscing.mauris@google.edu
Chester Kline,+90 228 744 75 656,71276772651,commodo.ipsum@aol.net
Merritt Schroeder,+90 332 236 85 865,17488416757,neque.nullam@hotmail.org
Mason Rocha,+90 535 649 25 483,63795437761,accumsan@google.net
Raven Waller,+90 676 562 92 897,37127457773,tempor.est@outlook.couk
Timothy Yates,+90 243 782 52 482,25326574694,lectus.convallis@yahoo.com
Price Romero,+90 313 346 98 783,43762742967,in.mi@icloud.org
Ariana Young,+90 585 481 33 364,23963293597,nam.tempor@hotmail.org
Macey Marquez,+90 438 844 84 388,22396684761,donec.fringilla@protonmail.com
Maggie Ballard,+90 739 562 73 235,87368851347,commodo.tincidunt@google.ca
Adena Sharp,+90 654 227 25 562,77258368772,pede.suspendisse@protonmail.com
Gannon Mcintosh,+90 348 326 78 823,54238448632,arcu.sed.et@aol.ca
Karly Lynn,+90 743 785 58 548,41588789215,hymenaeos.mauris@hotmail.com
Zia Wise,+90 891 685 85 545,85886178856,commodo.at.libero@outlook.net
Bell Simon,+90 947 214 72 645,51229982318,nunc@hotmail.ca
Brett Frederick,+90 395 997 97 763,56696768662,lectus@google.ca
Shannon Garner,+90 539 284 23 368,32741481783,at.egestas@outlook.org
Aladdin Holder,+90 323 557 56 286,27847788157,libero@outlook.com
Aretha Lane,+90 948 745 57 757,35598788434,vulputate.nisi.sem@hotmail.couk
Ursa Clements,+90 545 151 74 518,54752635342,lectus.ante@google.com
Garrison Rutledge,+90 424 336 25 856,73736515146,dui.cras.pellentesque@google.ca
Sharon Mathews,+90 546 678 55 135,96384344389,vestibulum@icloud.edu
Whoopi Sears,+90 773 465 13 392,91766685427,praesent@protonmail.edu
Sade Downs,+90 468 887 44 324,26151637774,est.ac.mattis@aol.org
Guy Moreno,+90 511 336 44 767,16984733242,curabitur@protonmail.net
Nasim Roman,+90 743 683 34 283,74574584735,tellus.imperdiet.non@aol.net
Barbara Waller,+90 563 777 54 921,63523884632,mauris.elit.dictum@yahoo.net
Owen Wilkerson,+90 366 842 78 894,26754178449,mus.aenean.eget@outlook.couk
Nathan Hill,+90 928 526 88 589,24352875888,cursus.non@google.com
Fay Gilmore,+90 373 365 43 786,87516574645,amet.diam@yahoo.couk
Uriel Velasquez,+90 232 225 83 816,62544767826,dui.in@yahoo.org
Stewart Miranda,+90 275 756 76 131,73866444715,vel.est@google.com
Xyla Mack,+90 645 769 17 843,47343563927,consectetuer.rhoncus.nullam@google.couk
Caesar Michael,+90 393 992 64 649,57596684944,sociis.natoque@icloud.net
Craig Taylor,+90 237 538 62 338,86552775154,ornare.fusce@hotmail.edu
Deanna Gibbs,+90 444 521 74 664,69354539733,risus@yahoo.net
Ina Clark,+90 926 719 37 559,67726452678,integer.in@hotmail.edu
Mara Owens,+90 775 277 48 843,18487234842,magna.sed@protonmail.com
Herrod Cannon,+90 843 894 24 719,83542274264,dui.augue@hotmail.ca
Graham Yang,+90 244 987 11 666,44898147756,sagittis.placerat@icloud.com
Kyle Hammond,+90 823 468 87 756,39728269263,ut@aol.net
Maggy Molina,+90 263 751 66 828,33644368284,felis@icloud.net
Shellie Simpson,+90 126 727 48 997,76329373623,auctor.odio@outlook.ca
Troy Rosales,+90 361 664 64 415,44257274284,ullamcorper@hotmail.edu
Brittany Jacobson,+90 162 922 29 782,22568588577,volutpat.nulla.facilisis@protonmail.ca
Liberty Weaver,+90 912 243 76 876,54244582486,urna.ut@aol.org
Imelda Ruiz,+90 412 258 45 453,26668635358,nec.eleifend@outlook.net
Micah Preston,+90 776 928 55 484,93435879721,odio.etiam@yahoo.org
Victor Blanchard,+90 573 779 24 311,78943416989,risus.quisque@google.net
Octavia Mills,+90 476 857 89 853,86339877661,fringilla.ornare@icloud.edu
Yael Hancock,+90 447 384 34 254,32953665687,ligula.aenean@outlook.ca
Ahmed Guzman,+90 724 883 33 314,46748724866,non.dui.nec@outlook.com
Anthony Edwards,+90 345 853 73 942,78418734835,ac.nulla@hotmail.ca
Roary Burnett,+90 487 227 37 744,49128783415,amet@outlook.ca
Dominic Park,+90 489 889 73 496,66425761513,tellus.justo@yahoo.edu
Regina Daniel,+90 554 832 58 815,75527828288,justo.faucibus.lectus@protonmail.edu
Tamara Jenkins,+90 321 612 35 168,46155637655,consequat.auctor@aol.ca
Dante Rivers,+90 942 845 66 255,19446797215,elementum.purus@yahoo.couk
Rebekah Knapp,+90 166 753 53 248,66466756175,dapibus.gravida@yahoo.couk
Raja Clements,+90 468 238 99 677,86837457231,nam@yahoo.edu
Lucas Barrera,+90 264 885 38 675,53666811118,fringilla.ornare@google.net
Petra Hendricks,+90 485 398 68 828,33741753954,risus.at@outlook.com
Carter Sosa,+90 789 622 24 141,28553891225,ut.molestie@outlook.org
Orla Steele,+90 657 858 38 986,85217889374,nullam.scelerisque.neque@hotmail.net
Constance Simmons,+90 332 763 55 187,62287667937,aenean.eget@protonmail.ca
Neil Guthrie,+90 667 973 39 342,84833457657,vitae.orci.phasellus@aol.com
Savannah Sawyer,+90 243 432 48 723,37298523656,est@icloud.net
Kimberly Wyatt,+90 726 257 33 339,77639725575,enim@google.com
Ralph Summers,+90 249 258 66 117,82997793649,et.netus@yahoo.edu
Indira Fisher,+90 175 614 87 653,83664363352,enim@google.edu
Cade Charles,+90 938 126 35 874,85828664443,fringilla@protonmail.com
Cyrus Castillo,+90 433 423 21 266,42267432768,blandit.mattis@outlook.net
Kelsey Schwartz,+90 672 538 36 226,82568665463,eget.odio@outlook.org
Hyatt Hammond,+90 663 988 57 487,84167687192,nulla.eu.neque@hotmail.net
John Cannon,+90 573 774 74 468,34614646347,orci.consectetuer.euismod@aol.org
Herman Witt,+90 437 276 37 247,28183865541,gravida@hotmail.edu
Jonah Lambert,+90 658 225 15 526,45868718375,in.hendrerit.consectetuer@icloud.edu
Sopoline Mckinney,+90 342 683 88 862,99229734751,varius.ultrices@protonmail.ca
Germaine Hinton,+90 548 887 48 437,34882456826,sagittis@protonmail.edu
Whoopi Rojas,+90 769 529 97 286,44715393299,arcu.et@aol.org
Judah Ramos,+90 848 769 15 458,43962473563,donec@outlook.edu
Solomon Hurley,+90 567 874 86 664,56266553314,vulputate.ullamcorper@outlook.com
Susan Mcmahon,+90 638 461 44 257,24569845676,lectus@hotmail.org
Micah Gilbert,+90 334 452 56 442,68322342436,non@hotmail.couk
Galvin Mack,+90 373 648 76 813,54443364728,aliquam.tincidunt.nunc@icloud.ca
Wynter Shepard,+90 197 776 26 793,32253987394,dapibus@outlook.ca
Dylan Collier,+90 851 387 93 679,43862458793,lectus.convallis.est@icloud.edu
Mira O'connor,+90 853 839 37 327,85525532823,et.commodo.at@aol.edu
Marah Vincent,+90 563 638 66 696,65693275982,integer.aliquam@protonmail.ca
Melvin Frye,+90 575 156 26 617,95747725743,sem.consequat@yahoo.net
Florence Burch,+90 132 323 52 256,67126528384,fringilla.cursus.purus@aol.edu
Talon Ray,+90 818 846 25 877,57857878635,faucibus@icloud.ca
Samantha Lane,+90 678 687 24 785,26282874867,penatibus.et.magnis@aol.org
Logan Mosley,+90 673 256 23 431,34394573733,aliquet.sem.ut@google.couk
Mary Chase,+90 264 461 74 721,65533695265,erat.semper.rutrum@aol.net
Rashad Hewitt,+90 338 687 89 725,64782645693,convallis.dolor.quisque@protonmail.net
Sylvester Burgess,+90 323 347 58 584,87896277145,venenatis@hotmail.ca
Angela Haynes,+90 254 588 57 669,87869237378,libero.lacus@aol.org
Joan Herrera,+90 828 559 31 242,34239874573,blandit@protonmail.edu
Nola Potts,+90 137 387 76 769,76768718637,quam@icloud.couk
Benedict Cross,+90 366 465 56 447,93445812437,in.faucibus@protonmail.com
Merrill Bray,+90 374 825 67 281,63672256612,sit.amet@outlook.org
Flynn William,+90 576 655 57 547,25179746415,ultricies.ligula.nullam@outlook.edu
Lee Bernard,+90 964 627 44 182,48872774489,mi.eleifend@protonmail.com
Dominic Foreman,+90 233 382 14 484,27657714223,luctus.et@icloud.couk
Whitney Castillo,+90 668 758 37 151,39142285552,egestas.ligula.nullam@outlook.com
Candace Cotton,+90 785 525 74 523,51642314839,rutrum.non@yahoo.edu
Marvin Spencer,+90 843 279 22 732,62675677684,penatibus.et@yahoo.edu
Illana Bird,+90 128 427 83 542,17635738659,aliquet.molestie@aol.com
Ferris Gilliam,+90 678 623 75 746,64525684252,sem.semper@outlook.net
Wyatt Atkinson,+90 864 874 37 136,42352556674,hendrerit@protonmail.couk
Clarke Wyatt,+90 225 219 37 552,54845825421,id.enim.curabitur@outlook.net
Aphrodite Holmes,+90 582 227 36 943,53955863789,tristique.pharetra@yahoo.edu
Nathaniel Sellers,+90 158 974 86 243,28728458284,egestas@protonmail.edu
Chaim Gay,+90 993 722 46 863,63538754736,in.molestie@aol.ca
Kiona Stewart,+90 894 932 37 592,77735746734,vitae.aliquam@google.ca
Ray Bell,+90 889 386 58 291,57299451174,orci@google.org
Wade Huff,+90 764 557 99 868,38479176746,integer.urna.vivamus@outlook.net
Moana Bray,+90 613 864 46 487,64723667215,dis.parturient.montes@aol.edu
Wyatt Pruitt,+90 572 566 44 685,31374529878,nec@outlook.edu
Amity Pope,+90 274 535 33 819,96523166417,malesuada.ut@icloud.ca
Rudyard Sears,+90 281 496 32 788,77442832754,mauris.non@google.com
Bradley Booker,+90 553 152 38 727,13923673397,imperdiet.ullamcorper.duis@hotmail.couk
Kiara Bird,+90 722 778 66 567,87816683432,massa@google.ca
Quintessa Conrad,+90 826 965 66 288,32715443513,curabitur@outlook.com
Cheryl Caldwell,+90 718 931 28 579,63462422398,parturient.montes@yahoo.couk
Plato Lang,+90 481 471 53 538,79669454873,etiam.laoreet@hotmail.ca
Amery Bennett,+90 433 585 72 344,28262725957,et.nunc.quisque@aol.edu
Ulric Massey,+90 247 534 93 615,33154565674,feugiat@google.com
Zelda Mendoza,+90 683 942 27 248,27433711234,mauris.integer@google.edu
Linus Jarvis,+90 622 224 76 377,77885324578,tortor.dictum@hotmail.org
Unity Vang,+90 764 967 24 757,62245837695,scelerisque.sed@protonmail.ca
Damon Nelson,+90 477 662 74 463,77226825886,in.cursus@icloud.com
Quinlan Guerrero,+90 737 424 35 352,49836555344,enim.etiam.gravida@protonmail.org
Joseph Kane,+90 717 213 48 857,64461574495,diam.lorem.auctor@yahoo.edu
Tad Lyons,+90 887 279 22 176,83893186274,ullamcorper.nisl.arcu@google.com
Bevis Hendrix,+90 533 285 63 728,71431477259,nostra.per@protonmail.net
Wynter Malone,+90 869 334 82 576,65876844528,odio.vel.est@icloud.ca
Preston Shields,+90 571 813 11 192,39684333324,eu.odio@hotmail.com
Fiona Ferguson,+90 897 773 72 335,78467327844,risus.nunc.ac@protonmail.couk
Anthony Gregory,+90 814 458 37 855,16614787167,malesuada.vel.venenatis@protonmail.couk
Isabella Davis,+90 167 636 65 182,94397622461,in.sodales@yahoo.net
Latifah Gaines,+90 565 832 25 467,62422835838,ut.molestie@aol.com
Justina Luna,+90 959 252 86 557,55182166532,ac.sem@outlook.edu
Wylie Brewer,+90 872 197 55 883,26828827563,id.ante@aol.ca
Amity Atkins,+90 724 987 65 826,93124577568,diam.lorem@protonmail.net
Miranda Velazquez,+90 687 851 88 232,15663391936,dolor@hotmail.couk
Sawyer Lindsay,+90 535 465 48 546,74369589257,ipsum.dolor@aol.edu
Zane Pitts,+90 461 952 53 618,61575318854,id@outlook.edu
Armand Klein,+90 241 295 69 291,27475342675,sociis.natoque@outlook.couk
Kato Pace,+90 896 137 41 794,26825773468,mus@icloud.couk
Mona Steele,+90 693 413 42 452,55744236936,dictum.eu.placerat@outlook.net
Hoyt Gallegos,+90 557 671 54 364,59173825677,vulputate.ullamcorper@aol.couk
Forrest Brady,+90 145 637 56 771,84752985456,interdum.enim.non@google.ca
Christian Lester,+90 859 461 19 783,24454594179,nec@protonmail.couk
Blythe Donaldson,+90 978 398 32 542,42581535458,eget.lacus@yahoo.couk
Craig Bass,+90 383 438 23 527,13466775641,dui.nec.tempus@icloud.com
Debra Valdez,+90 915 258 36 364,13525737493,vivamus.molestie.dapibus@yahoo.ca
Barbara Erickson,+90 743 773 65 655,28461225637,orci.in@aol.org
Madeson Hess,+90 652 724 32 434,37761336646,donec.feugiat@outlook.org
Imani Coffey,+90 766 244 32 295,34674666652,facilisi.sed@hotmail.edu
Harrison Hubbard,+90 796 366 75 852,86647753884,vulputate.velit@hotmail.com
Nayda Warner,+90 222 952 49 815,25535658258,aliquam.eros.turpis@hotmail.ca
Lydia Levy,+90 538 941 91 636,75251635352,velit.aliquam.nisl@icloud.com
Felicia Hines,+90 783 431 53 585,85542872794,congue@outlook.couk
Chester Mendoza,+90 276 448 33 785,13639365784,enim@yahoo.ca
Jakeem Sellers,+90 923 641 83 785,22882454128,ac.ipsum@outlook.org
Zenia Lang,+90 663 679 83 435,54932584913,erat.eget.tincidunt@yahoo.com
Uriah Love,+90 643 886 42 776,57636479277,proin@yahoo.org
Joseph Collier,+90 625 777 67 767,45683518231,magnis.dis.parturient@outlook.edu
Risa Leblanc,+90 992 826 22 888,32455876128,elementum.sem@aol.ca
Price Shaw,+90 245 638 68 519,84341344255,eu.odio.tristique@protonmail.net
Rooney Goff,+90 765 446 64 453,44313494772,maecenas.iaculis@icloud.edu
Avram Hill,+90 582 538 77 253,54399683875,et@google.com
Colton Walter,+90 684 393 53 425,36388325326,amet.lorem@aol.com
Ignacia Walter,+90 466 276 39 527,23622212836,tellus.lorem@protonmail.edu
Laurel Mendoza,+90 853 852 14 456,84194464143,taciti.sociosqu@hotmail.edu
Destiny Yang,+90 269 813 97 153,38757632448,nunc@google.com
Michelle Ashley,+90 946 742 31 623,86483835281,quis.lectus.nullam@yahoo.com
Wynne Clarke,+90 694 457 57 451,47735567631,risus.a.ultricies@yahoo.couk
Samuel Torres,+90 974 653 28 749,43458526243,ante.maecenas@yahoo.net
Rylee Rosario,+90 489 839 64 871,46351683224,gravida.nunc.sed@outlook.com
Boris Porter,+90 456 429 77 752,82769232872,pede.nunc@protonmail.couk
Graiden Richardson,+90 256 657 31 466,36344747314,donec.vitae@protonmail.couk
Desirae Lawrence,+90 263 586 62 323,67426388875,quis@protonmail.ca
Nelle Mcintosh,+90 357 731 59 427,91757788286,non.sollicitudin@icloud.net
Jerome Lowe,+90 746 993 54 546,95477526287,lectus.sit@outlook.ca
Talon Frederick,+90 663 337 43 378,94323332474,diam.eu@aol.couk
George Cunningham,+90 954 494 36 444,27577238492,odio.tristique.pharetra@outlook.com
Clarke Garrett,+90 913 892 76 963,35512774857,neque.tellus@protonmail.org
Gisela Thornton,+90 865 388 28 374,44922343288,in.faucibus@yahoo.couk
Gage Williams,+90 138 219 85 725,74685757375,proin.sed@icloud.edu
Mara Aguirre,+90 278 663 44 992,43644685788,proin@google.couk
David Cook,+90 838 961 12 455,63852776446,ornare.tortor@aol.com
Zachary Fisher,+90 262 845 46 235,65411374497,donec.non.justo@protonmail.com
Hammett Guerrero,+90 349 862 95 626,75278238549,dolor.fusce.mi@hotmail.edu
Jermaine Hodge,+90 692 485 47 356,34978895824,velit@protonmail.ca
Ronan William,+90 213 737 65 245,64477357665,tellus.imperdiet@google.ca
Dorian Mann,+90 545 546 68 955,49372363792,diam.lorem.auctor@yahoo.ca
Benjamin Mckenzie,+90 384 458 46 224,59713478873,purus.gravida.sagittis@icloud.ca
Beverly Hill,+90 228 529 38 335,24664985123,amet.consectetuer@yahoo.edu
Camille Bright,+90 659 922 62 771,93755292333,amet.diam@google.org
Carter Daniel,+90 758 548 12 983,12879241622,aliquam@yahoo.net
Candice Bonner,+90 579 453 32 652,64742623535,purus.maecenas@hotmail.edu
Kenneth Levine,+90 334 333 76 572,83419528381,lorem.lorem.luctus@yahoo.couk
Kelly Solis,+90 459 425 79 287,23264782284,aliquam.auctor.velit@icloud.com
Lucy Morrison,+90 429 844 62 878,25253246832,nec@aol.net
Ulla Alvarado,+90 723 878 43 225,85641132977,vitae@google.edu
Lamar Trujillo,+90 952 733 73 239,75731724489,arcu@icloud.ca
Conan Pratt,+90 734 774 14 823,16326887375,quisque.varius@outlook.net
Calvin Long,+90 538 422 95 833,68285145621,integer.mollis@google.couk
Patricia Becker,+90 896 756 92 645,78895928443,phasellus@icloud.ca
Alexander Stafford,+90 377 137 63 636,47845288163,duis.at.lacus@hotmail.edu
Melanie Fulton,+90 462 254 25 456,81846627195,montes.nascetur@aol.org
Mari Hester,+90 626 835 53 354,52642142355,auctor@aol.net
Benjamin Vaughn,+90 665 832 46 892,78856343192,ut.tincidunt.vehicula@google.org
Josiah Blackwell,+90 583 332 24 575,29779287297,at.iaculis.quis@yahoo.couk
Mariam Nixon,+90 954 836 92 586,87376294837,dictum@google.org
Alika Franklin,+90 485 666 24 516,33761438797,augue.ac@icloud.net
Illiana Mann,+90 327 535 15 268,54536868789,egestas@protonmail.com
Dane Whitaker,+90 617 776 88 248,27534778983,fusce@hotmail.net
Hedda Everett,+90 297 362 82 514,28321828731,amet.ornare@outlook.ca
Timothy Wilder,+90 374 247 22 225,38636916396,eu.ultrices.sit@protonmail.org
Evelyn Welch,+90 135 668 39 645,68888445343,dapibus.id.blandit@icloud.com
Zephr Sexton,+90 638 644 18 826,29816531734,etiam.bibendum@icloud.ca
Lacota Lara,+90 573 127 82 525,93374497263,quis.massa@google.net
Portia Thompson,+90 475 828 51 539,32482863984,arcu.iaculis.enim@outlook.net
Mannix Hobbs,+90 948 736 42 828,83142767477,phasellus.libero@outlook.edu
Cruz Rivas,+90 897 285 52 245,73856698824,fusce.dolor@outlook.couk
Rogan Webster,+90 979 979 44 461,73529568444,donec.egestas@aol.couk
Laith Morin,+90 382 353 64 939,29632826586,luctus.curabitur.egestas@google.ca
Laith Johns,+90 957 485 25 767,35731631544,ac.mattis@icloud.org
Channing Townsend,+90 724 342 84 155,62533123257,eu@outlook.couk
Walter Holland,+90 376 774 75 616,32458328853,et.malesuada.fames@hotmail.ca
Patrick Johnson,+90 299 941 68 723,82366616254,tempor.augue@icloud.ca
Gareth Goff,+90 252 118 27 427,42352388365,nulla.eu@google.ca
Kristen Leach,+90 572 424 74 457,85497743767,proin@hotmail.com
Kylan Barr,+90 745 866 88 458,52567742726,eget@aol.net
Aurelia Vincent,+90 319 645 57 288,26374554665,nisl@google.org
Shelby Burt,+90 366 415 78 297,48944851351,fringilla.porttitor@google.edu
Francis Schroeder,+90 436 968 62 682,57852825989,imperdiet@protonmail.couk
Demetrius Shields,+90 531 754 55 446,68458254557,amet.consectetuer@hotmail.org
Zelenia Talley,+90 328 717 55 378,75386289217,cras.eget@hotmail.edu
Ray Bolton,+90 543 935 33 237,32494778329,tellus.sem@aol.com
Paloma Hammond,+90 373 437 42 634,44461923464,et.pede@protonmail.couk
Daphne Randall,+90 448 781 44 853,46347567577,purus.duis.elementum@yahoo.com
Bruce Levy,+90 483 881 33 127,84832661252,elit.pretium@yahoo.edu
Ignacia Galloway,+90 965 619 49 896,56363689351,vehicula.pellentesque.tincidunt@yahoo.org
Gail Tran,+90 178 314 72 625,92663529122,velit@google.edu
Colt Mayer,+90 785 582 86 453,37842256163,lorem.semper.auctor@outlook.couk
Honorato Rodgers,+90 467 825 56 233,25783465985,orci.sem@protonmail.edu
Ali Reilly,+90 852 286 55 784,78494933441,in.mi@protonmail.edu
Ursa Vazquez,+90 745 617 63 656,65671882633,tincidunt@hotmail.com
Jack Nicholson,+90 166 498 98 584,26784189886,suspendisse@aol.net
Drake Porter,+90 319 724 85 262,34731655215,phasellus.ornare@protonmail.couk
Fuller Osborne,+90 161 133 86 222,67738495627,ut.pharetra@protonmail.edu
Tatyana Mccoy,+90 634 574 55 852,46832658654,fringilla.euismod@hotmail.com
Aaron Holden,+90 319 245 99 148,43287883141,et.euismod@icloud.com
Jason Salazar,+90 247 575 92 933,47439462595,diam.vel@protonmail.com
Emery Mosley,+90 384 781 13 586,32918773465,eu.nibh@yahoo.org
Aimee Kline,+90 824 744 44 293,27732683875,suspendisse.eleifend.cras@icloud.org
Zorita Willis,+90 756 193 31 554,83442353535,justo.sit@hotmail.ca
Wylie Charles,+90 925 434 18 282,87372583587,nibh@yahoo.org
Cora Kerr,+90 632 169 28 231,79582243445,fusce.feugiat@hotmail.ca
Alfonso Weaver,+90 247 329 28 584,53833821555,amet.lorem.semper@google.edu
Flavia Dale,+90 773 469 11 496,63325623643,vitae.orci@outlook.com
Graham Salas,+90 744 231 28 473,47236965983,purus.maecenas@icloud.ca
Quynn Hull,+90 923 586 94 842,21651638684,purus.nullam.scelerisque@hotmail.couk
Andrew Rosa,+90 886 636 14 426,99677329339,euismod@outlook.net
Lael Stone,+90 865 768 44 746,98652834532,metus.eu@outlook.com
Portia Williamson,+90 241 438 62 778,34375877765,quisque.tincidunt@protonmail.couk
Quemby Logan,+90 287 215 48 437,66858178643,arcu.nunc@hotmail.com
Malcolm Guzman,+90 533 785 66 597,96656344594,sagittis@outlook.org
Jessamine Hatfield,+90 269 222 33 784,49564543137,facilisi.sed.neque@outlook.couk
Len Spears,+90 336 155 82 687,89574858542,imperdiet@google.org
Marcia Ewing,+90 456 225 48 969,55344834784,vestibulum.ante@outlook.ca
Madaline Cross,+90 777 577 24 877,54639335438,ac.nulla@icloud.net
Kristen Ross,+90 868 376 43 922,27319325842,mattis.ornare.lectus@icloud.org
Sopoline Herrera,+90 676 633 62 663,15435322522,faucibus@aol.org
Quinlan Frederick,+90 886 727 87 455,76423556729,lacus.nulla.tincidunt@aol.ca
Elvis Higgins,+90 436 498 41 393,67492568543,sem@outlook.edu
Octavius Bond,+90 345 256 64 647,83476532854,mauris@protonmail.couk
Dawn Michael,+90 877 153 85 329,33562638687,gravida.aliquam.tincidunt@hotmail.edu
Daryl Hanson,+90 932 498 53 294,41763278522,a.aliquet.vel@hotmail.net
Noble Moss,+90 332 593 57 837,75976439474,sem.eget@google.ca
Dylan Watts,+90 753 781 76 624,88137266934,diam.dictum.sapien@icloud.couk
Zeus Chambers,+90 618 629 91 737,74775711737,sit.amet.risus@yahoo.com
Drake Briggs,+90 221 977 75 362,87128873534,et.magnis.dis@google.edu
Carter Yates,+90 963 438 36 594,78785385482,nunc@hotmail.org
Noelle Reynolds,+90 914 534 22 521,11373589178,ornare.elit@hotmail.org
Clementine Dotson,+90 452 394 55 557,96664273556,faucibus.ut@outlook.net
Dean Ewing,+90 814 174 81 352,24847557677,eu.augue@yahoo.edu
Hayley Vinson,+90 884 945 77 163,34284663476,velit.quisque@aol.couk
Geraldine Vazquez,+90 475 773 31 422,54145469484,nullam.nisl.maecenas@google.com
Risa Tate,+90 991 743 45 836,74843834919,non.luctus.sit@aol.org
Colleen Hampton,+90 543 616 73 538,39212529554,ullamcorper.duis.at@yahoo.net
Xena Mcknight,+90 318 284 74 874,84372814732,placerat@icloud.com
Octavia Cherry,+90 828 927 35 366,42358582753,vitae@google.org
Brody Mayo,+90 344 351 43 345,74384723227,lectus.sit@aol.couk
Dillon Rutledge,+90 323 541 84 627,52837945887,in.magna@aol.com
Dane Clemons,+90 536 786 72 864,46774155328,nam@hotmail.com
Aimee Dodson,+90 752 683 91 534,24352532851,ipsum.primis.in@google.couk
Patrick House,+90 773 861 74 847,97225484441,nullam.ut.nisi@icloud.couk
Octavia Sykes,+90 395 644 43 682,99613952237,enim.nunc@google.org
Liberty Fletcher,+90 234 132 64 886,73615429863,nec.quam.curabitur@hotmail.com
Aphrodite Davidson,+90 374 637 47 497,52561224484,odio@icloud.couk
Kiona Michael,+90 868 516 24 555,42443341428,in.ornare@protonmail.org
Graham Ramirez,+90 286 752 77 896,64176448665,curabitur@google.edu
Shea Perkins,+90 255 778 85 796,24227314387,orci.sem.eget@aol.org
Latifah Romero,+90 941 539 83 436,68434934661,tempor.lorem@icloud.edu
Beatrice Frazier,+90 917 524 31 466,86976153745,phasellus@yahoo.org
Cora Bentley,+90 445 597 57 314,77485725811,mus.aenean@protonmail.org
Gil French,+90 688 487 85 535,57837733484,amet.luctus@outlook.net
Daquan Glass,+90 465 576 83 467,86678474981,adipiscing.elit.curabitur@icloud.couk
Quentin Lynch,+90 434 476 34 332,12452558869,vivamus.sit.amet@aol.org
Basil Gould,+90 546 462 45 113,12662248854,cras.interdum.nunc@protonmail.net
Adara Vincent,+90 585 537 68 477,39522964392,hendrerit.a.arcu@protonmail.com
Raven Cannon,+90 626 774 48 257,58175142717,interdum@google.net
Bradley Perry,+90 476 651 75 263,43478236447,congue@hotmail.couk
Quentin Salazar,+90 983 643 17 453,43716533423,tempus.risus@aol.com
Kenneth Roberson,+90 215 844 68 657,87837657621,eu.odio@aol.org
Urielle Dotson,+90 824 446 98 948,94322266698,vivamus@google.ca
Zahir Branch,+90 586 755 77 867,14866984585,sapien.molestie.orci@aol.net
Lewis Greer,+90 788 778 43 416,73753712556,lacus.vestibulum.lorem@hotmail.ca
Haley Cooke,+90 464 954 56 997,45822376864,mattis@google.net
Samuel Dale,+90 934 768 35 684,75846845247,orci.quis@yahoo.net
Caleb Lancaster,+90 863 569 46 595,67648249476,odio.tristique@yahoo.ca
Brock Callahan,+90 626 785 71 932,28386321785,eu.arcu@protonmail.ca
Holmes Hobbs,+90 331 556 74 246,62123319837,vitae.velit@protonmail.org
Axel Solomon,+90 674 618 41 583,94527354735,sed.facilisis@hotmail.net
Randall Valentine,+90 448 354 78 666,71462264714,pellentesque@icloud.net
Kuame Levine,+90 812 766 58 635,53537629382,turpis.in.condimentum@icloud.couk
Mariko Townsend,+90 583 283 73 596,65214532714,non@aol.net
Cade Petty,+90 382 719 95 469,44595951255,magna.lorem.ipsum@protonmail.ca
Otto Pate,+90 823 246 29 762,62898557294,convallis@google.com
Vladimir Gamble,+90 672 754 83 182,25433968923,tincidunt.congue.turpis@icloud.ca
Keegan Stafford,+90 792 583 27 828,21832938581,rhoncus.proin@outlook.com
Inez Hull,+90 178 724 37 575,81298699227,ante@icloud.edu
Carl Keller,+90 457 165 36 799,15449443338,tristique.senectus.et@protonmail.edu
Holly Noel,+90 642 862 33 151,32427495584,augue.eu@hotmail.edu
TaShya King,+90 382 548 68 732,31756511477,porttitor.eros@yahoo.edu
Chantale Curry,+90 625 974 26 512,35447466262,diam.eu@protonmail.org
Laith Crosby,+90 845 137 98 656,97122248517,ultrices.vivamus@hotmail.com
Mannix Baird,+90 666 287 42 418,82242768289,tincidunt.orci@google.com
Channing Cain,+90 358 572 87 895,53773414725,tempor.est.ac@google.edu
Deborah Pacheco,+90 785 689 72 753,75321376684,lectus.a.sollicitudin@hotmail.couk
Kyla Baxter,+90 871 598 96 655,77238321816,nunc.mauris@icloud.net
Ivor Bright,+90 792 463 86 382,76737693446,tellus@google.com
Garrison Singleton,+90 595 435 42 285,64718327315,cursus.integer.mollis@aol.edu
India Haley,+90 845 893 47 218,66254384552,porttitor.scelerisque@protonmail.org
Helen Small,+90 547 289 46 138,47376547763,cum.sociis@yahoo.ca
Leigh Stark,+90 568 563 72 758,11588282484,magna@outlook.ca
Ora Rush,+90 228 355 65 247,13898913756,nisl.arcu@outlook.ca
Jada Adkins,+90 682 277 88 764,52597512239,ipsum.donec@protonmail.org
Curran Conner,+90 886 975 37 228,39647186245,et@icloud.com
Francis Monroe,+90 954 588 86 496,22185917475,in.ornare@aol.couk
Minerva Schmidt,+90 749 629 78 489,52938567874,in.faucibus.orci@google.ca
James Fleming,+90 624 363 58 454,89461363574,mollis.phasellus@outlook.com
Stuart Hansen,+90 372 275 33 883,97331718285,quis.massa.mauris@protonmail.net
Coby Rose,+90 754 331 79 512,45498956838,odio.tristique@yahoo.net
Raymond Gutierrez,+90 932 534 68 448,67468262178,turpis.aliquam.adipiscing@icloud.couk
Leah Marsh,+90 374 775 74 585,26474288599,cum.sociis@google.edu
Shafira French,+90 722 445 81 935,27655218679,tristique.senectus@outlook.net
Ashton Cortez,+90 676 668 34 834,73925324789,eleifend.egestas@yahoo.edu
Daniel Baker,+90 476 655 38 126,37347879679,odio.etiam@protonmail.org
Lynn Donovan,+90 462 248 77 847,17386745384,nulla.donec@yahoo.ca
Boris Ryan,+90 886 357 68 784,27824534545,rutrum@hotmail.com
Hilary Clark,+90 854 594 52 646,29747598227,nulla@outlook.net
Amy Olson,+90 447 698 71 434,74888858784,faucibus.lectus.a@icloud.couk
Keaton Bond,+90 744 596 93 724,84981327248,justo.praesent@aol.edu
Barclay Mccoy,+90 795 743 28 377,52884276538,nunc.ullamcorper@yahoo.edu
Jael Calhoun,+90 214 126 54 382,34646386318,risus.donec.nibh@outlook.ca
Eagan Ball,+90 288 521 24 987,34362526484,a@hotmail.net
Mollie David,+90 654 656 36 757,35577923377,rhoncus.donec@aol.edu
Nadine Crawford,+90 385 773 28 976,16845736497,enim.diam.vel@outlook.org
Aladdin Morton,+90 784 732 24 478,41858891815,fusce@hotmail.ca
Kane Finley,+90 546 476 33 326,68875689526,et.ultrices@outlook.net
Jenna Fry,+90 568 836 67 256,59114812226,dictum.placerat@google.com
Ulysses Yang,+90 526 693 43 942,17745669245,eget.odio@icloud.net
Isadora Stephenson,+90 572 388 58 587,56612252684,nec.eleifend.non@hotmail.couk
Sylvia Wheeler,+90 758 573 54 312,75531982167,tellus@hotmail.net
Baker Santiago,+90 714 727 92 344,86448536728,in@yahoo.couk
Philip Arnold,+90 389 377 62 454,65942645763,arcu.curabitur@icloud.couk
Raymond Sullivan,+90 534 735 34 841,35398411139,aliquam@yahoo.org
Aileen Lane,+90 559 494 24 672,43368883632,elit@protonmail.ca
Donovan Livingston,+90 964 945 89 493,14813881642,dictum@hotmail.couk
Peter Chan,+90 961 332 65 142,57363835152,lorem.ipsum.dolor@yahoo.com
Oscar Gibbs,+90 983 785 38 557,37672717365,arcu.vestibulum@hotmail.org
Charlotte Mcneil,+90 856 454 57 788,35137185682,cursus.luctus@google.net
Cooper James,+90 452 267 67 475,76333995683,tempor.bibendum@hotmail.org
Tanya Brock,+90 684 312 37 836,87225614671,sed.dui@outlook.org
Boris Mills,+90 538 442 63 685,62282517364,scelerisque.dui@protonmail.org
Cedric Riley,+90 369 685 74 286,26462443987,nulla@google.ca
Angela Medina,+90 977 773 89 782,25613498516,vehicula.pellentesque@yahoo.couk
Amos Haley,+90 456 756 61 284,31596762753,vitae.sodales.nisi@google.org
Nyssa Cherry,+90 536 253 98 322,67814356742,tempor.bibendum.donec@google.edu
Jenna Crosby,+90 912 873 52 584,67777644232,auctor.quis@yahoo.com
Ariana Head,+90 738 388 51 735,53621465988,nam.interdum@hotmail.com
Tatyana Barlow,+90 854 242 43 863,22626964237,ut.pharetra@hotmail.net
Devin Olson,+90 624 311 24 789,31654263884,magna.sed.dui@google.com
Nelle Rush,+90 227 555 57 271,66276586548,pede@google.org
Beatrice Madden,+90 757 633 95 497,32412489297,non.massa@yahoo.com
Hillary Nguyen,+90 594 314 24 943,27266477186,rutrum.magna.cras@icloud.ca
Melinda Mcknight,+90 679 676 95 364,76126384436,augue.ac.ipsum@google.net
Jescie Wong,+90 462 756 53 587,45483813961,lorem.vitae@aol.edu
Marsden Whitaker,+90 677 338 65 247,25786924255,dui.augue@icloud.couk
Maisie Vega,+90 262 135 54 842,68372885258,laoreet.lectus.quis@outlook.ca
Fuller Marsh,+90 252 878 24 233,18773636887,nec.quam.curabitur@hotmail.org
Elijah Vaughn,+90 548 826 55 428,54898157878,sed.sapien@yahoo.couk
Christine Hopkins,+90 226 272 75 577,31327227973,lacus.mauris@google.net
Merrill Figueroa,+90 828 388 33 627,53698665755,turpis.in@yahoo.edu
Lysandra Kelly,+90 373 448 76 693,87222468795,quis.arcu@protonmail.ca
Avram Turner,+90 339 752 74 365,38876943997,et.euismod@hotmail.com
Kelly Hewitt,+90 535 633 17 969,84882214376,sed@outlook.net
Naomi Abbott,+90 187 937 85 637,48769343623,orci@hotmail.ca
Wynne Wynn,+90 735 876 86 277,97362277452,lectus.pede@hotmail.ca
Hanna Mcintosh,+90 895 525 12 616,24817918115,gravida@hotmail.edu
Amos Lloyd,+90 774 244 68 456,63725672892,ipsum.dolor@aol.couk
Jessica Moreno,+90 267 221 56 937,33869845567,luctus.et@hotmail.couk
Kylie Price,+90 796 946 78 711,57251832433,donec.luctus.aliquet@google.com
Rahim Cortez,+90 782 648 22 187,74319847971,vulputate.ullamcorper@icloud.net
Meghan Todd,+90 741 648 26 521,98766386184,erat@aol.com
Odessa Barnett,+90 855 624 74 675,17489469874,commodo@hotmail.net
Claire Murray,+90 882 529 21 852,41689254431,lacus.cras@yahoo.com
Nita Hernandez,+90 272 886 76 587,62892238626,pellentesque.habitant.morbi@hotmail.ca
Theodore Warren,+90 723 434 78 355,74626379285,vitae.semper.egestas@yahoo.com
Francesca Berry,+90 726 914 16 662,37523988498,enim.nisl.elementum@hotmail.ca
Upton Glass,+90 572 142 47 864,78523852441,nec.leo.morbi@outlook.ca
Hasad Powell,+90 554 273 26 598,23745573552,aliquet@yahoo.org
Keiko Gilliam,+90 577 267 55 684,88269235469,lacus.nulla@outlook.edu
Kasper Skinner,+90 721 337 88 534,47775585137,elementum.at@icloud.com
Amity Holloway,+90 543 388 46 382,89765383732,tortor.at@aol.net
Kevin Monroe,+90 356 222 65 366,38393212726,in.faucibus@outlook.net
Zeph Carpenter,+90 786 953 47 662,87883846862,lacinia.sed@outlook.net
Sheila Watkins,+90 498 854 38 533,35271725375,euismod.urna@outlook.com
Ronan Herring,+90 383 837 45 943,46342543771,velit.eget.laoreet@icloud.couk
Bradley Flowers,+90 523 364 57 389,42172665616,velit.justo@outlook.net
Fuller Keith,+90 568 128 34 756,84684918499,vestibulum@yahoo.edu
Holly Marks,+90 857 126 75 929,64431488638,nulla@protonmail.org
Anastasia Rutledge,+90 962 481 27 276,25986418445,sed.dictum@outlook.net
Colt Carr,+90 288 864 75 471,25928761892,aenean.sed.pede@protonmail.edu
Avye Reid,+90 198 165 25 494,14268218912,volutpat.nunc@google.org
Elijah Perez,+90 635 752 72 486,88475733947,dapibus.rutrum@google.edu
Serina Lowery,+90 314 786 66 336,68342961833,diam.nunc@google.edu
Lane Hoffman,+90 652 244 77 184,32548589662,nascetur.ridiculus@outlook.org
Deacon Kline,+90 265 884 92 686,24779533358,aenean.egestas@hotmail.net
Curran Fulton,+90 495 954 41 642,32813438796,vestibulum@yahoo.org
Magee Molina,+90 376 798 14 211,98213418462,egestas.rhoncus@yahoo.net
August Michael,+90 648 615 85 593,72385275523,morbi.vehicula@yahoo.net
Hakeem Brewer,+90 546 882 44 946,83413945623,ac.sem.ut@outlook.couk
Alden Ayers,+90 854 676 75 651,28567478568,nulla.in@aol.edu
Gil Logan,+90 655 586 62 474,42551572462,quisque.ornare@google.edu
Brady Dennis,+90 216 591 24 542,88588566256,pede.malesuada.vel@icloud.couk
Audra Luna,+90 694 285 87 814,53527179656,non@outlook.ca
Kay Workman,+90 451 734 45 122,73756744681,hendrerit.consectetuer.cursus@protonmail.com
Aspen Atkins,+90 451 732 12 265,58338639351,ornare.elit.elit@protonmail.ca
Fletcher Mcintyre,+90 624 257 57 769,64442443551,eget@icloud.net
Gannon Cummings,+90 577 565 47 566,84847556679,aliquet@icloud.org
Iona Wooten,+90 439 456 47 276,35747862138,convallis.dolor.quisque@icloud.net
Lionel Good,+90 863 553 75 753,55859117266,magnis.dis@outlook.com
Thor Valdez,+90 433 668 29 389,65655861666,molestie.pharetra.nibh@yahoo.com
Stacey Mercado,+90 891 516 47 484,44254496244,amet.metus@yahoo.com
Thaddeus Dorsey,+90 682 533 16 855,31552417999,amet.consectetuer.adipiscing@google.ca
Cara Lindsey,+90 762 665 83 468,25631152854,ante.dictum.cursus@protonmail.couk
Brenna Colon,+90 958 347 87 538,14633274756,adipiscing.lobortis.risus@icloud.ca
Lara Ramos,+90 565 762 36 833,66275944217,quisque.ornare@protonmail.org
Perry Francis,+90 662 586 98 665,77948475272,mauris.sagittis.placerat@google.net
Roary Rojas,+90 496 874 88 965,77987253613,lacus.nulla.tincidunt@outlook.com
Jordan Bartlett,+90 436 586 27 744,34785844394,turpis.vitae@google.ca
Gisela Cohen,+90 431 275 37 475,59964683972,non.hendrerit@outlook.couk
Mason Figueroa,+90 542 686 69 688,62743812137,arcu.vel@protonmail.net
May Burke,+90 537 265 73 374,36878658374,mi@icloud.net
Amity Jimenez,+90 715 516 21 684,57148652738,nonummy.ac@protonmail.org
Meghan Good,+90 199 952 38 955,95633828149,consequat.nec@protonmail.com
Camilla Frye,+90 356 584 84 571,63111877569,dui@protonmail.com
Odysseus Byers,+90 327 222 62 557,24858357235,metus.vitae.velit@icloud.org
Anastasia Rosa,+90 827 684 64 426,36556774368,pede.et.risus@yahoo.couk
Samson Mckenzie,+90 899 647 29 845,58855883362,mauris.erat@protonmail.net
Rose Case,+90 673 354 78 288,23351265478,in.cursus@protonmail.edu
Chadwick Contreras,+90 228 235 87 344,25562772265,ornare.libero.at@google.ca
Fletcher Rowe,+90 251 825 75 473,39621567412,maecenas.libero.est@aol.com
Lance Landry,+90 418 383 38 165,31433786623,vel@outlook.org
Noah Sanders,+90 774 338 23 188,14463314718,eget.lacus.mauris@outlook.net
Dolan Hayden,+90 786 382 24 795,72642524174,dolor.sit.amet@google.net
